<?xml version="1.0" encoding="utf-8"?>
<extension type="module" version="3.2.0" client="site" method="upgrade">
    <name>J3 Twitter</name>
    <author>Chris Smith</author>
    <version>1.0.0</version>
    <description>Twitter module for Joomla 3.2.x</description>
    <files>
        <filename>mod_j3twitter.xml</filename>
        <filename module="mod_j3twitter">mod_j3twitter.php</filename>
        <filename>index.html</filename>
        <filename>helper.php</filename>
		<filename>TwitterAPIExchange.php</filename>
        <filename>tmpl/default.php</filename>
        <filename>tmpl/index.html</filename>
    </files>
    <config>
		<fields name="params">
			<fieldset name="options" label="Options">
				<field name="username" type="text" label="Twitter Username" description="Your Twitter Username. (e.g. Smith0r)" />
				<field name="tweet_num" type="text" label="Number of Tweets" description="How many tweets to display?" default="5" />
			</fieldset>
			<fieldset name="oauth" label="OAuth Options">
				<field name="token" type="text" label="OAuth Token" description="Your OAuth Token" />
				<field name="token_secret" type="text" label="OAuth Secret Token" description="Your Secret OAuth Token" />
				<field name="key" type="text" label="Consumer Key" description="Your Consumer Key" />
				<field name="key_secret" type="text" label="Consumer Secret Key" description="Your Secret Consumer Key" />
			</fieldset>
		</fields>
    </config>
</extension>